Username,Category,Name,Description,Activity,Recurrence,Due_Date
bobsm,General,asdf,asdfas,,Definite,2023-05-04,
bobsm,General,fdasf,asdfdf,,Definite,2023-05-04,
bobsm,General,asdfadsf,asdfasd,,Definite,2023-05-03,
bobsm,General,asdfasdf,asdfasdf,,Definite,2023-05-03,
bobsm,General,asadf,asdfasdf,,Indefinite,Daily,1,
bobsm,General,uhqwhekf,asdfasdf,,Definite,2023-05-03,
bobsm,General,asdfadf,asdfasdf,,Indefinite,Daily,1,
bobsm,General,asdfd,asdfdf,,Definite,2023-05-05,
bobsm,General,asdfdf,asdfdf,,Indefinite,Daily,1,
